Code_base;Base;Ref publi;Code_publi;Exp;Trait;N°Refexp;N°trait_publi;Exp_fact;Description_trait;Nom_trait;Espece;Code_espece;MSI;pH;C2/C3;C2;C3;R_NDF;C_MOdeg;NDFF;%conc
1;Nature;Huhtanen1988;13;1;1;131;1311;1311;barley;BU;Steer;2;5,2;6,33;4,2;65,2;15,5;372;377;261;53
1;Nature;Huhtanen1988;13;1;2;131;1312;1311;barley + molasses;BM;Steer;2;5,9;6,21;3,6;62;17,1;334;404;259;54
1;Nature;Huhtanen1988;13;1;3;131;1313;1311;sugar beet pulp;SU;Steer;2;3,9;6,4;3,9;67,6;17,5;496;281;262;53
1;Nature;Huhtanen1988;13;1;4;131;1314;1311;sugar beet pulp + molasses;SM;Steer;2;4,7;6,45;3,5;65,5;18,5;416;340;259;54
1;Nature;MCCARTHY1989;20;1;1;201;2011;2011;corn and fish meal;C_FM;Dairy_cow;1;23,3;5,96;2,6;61,6;24;301;279;245;55
1;Nature;MCCARTHY1989;20;1;3;201;2013;2011;barley and fish meal;B_FM;Dairy_cow;1;20,5;5,62;1,7;56,4;33;353;378;245;55
1;Nature;MCCARTHY1989;20;1;2;201;2012;2012;corn and soybean meal;C_SBM;Dairy_cow;1;24,2;5,72;2;58,4;28,8;307;297;245;55
1;Nature;MCCARTHY1989;20;1;4;201;2014;2012;barley and soybean meal;B_SBM;Dairy_cow;1;20,9;5,73;2;58,3;29;354;383;245;55
1;Nature;ROBINSON1986;25;2;1;252;2521;2521;8% starch;PelConc 8;Dairy_cow;1;13,2;6,33;3,7;64,2;17,5;492;328;172;67
1;Nature;ROBINSON1986;25;2;2;252;2522;2521;14 % starch;Pelconc 14;Dairy_cow;1;13,1;6,42;3,6;62,7;17,5;446;353;172;67
1;Nature;ROBINSON1986;25;2;3;252;2523;2521;20% starch;Pelconc 20;Dairy_cow;1;13,1;6,32;3,6;62,3;17,4;400;378;172;67
1;Nature;ROBINSON1986;25;2;4;252;2524;2521;26% starch;Pelconc 26;Dairy_cow;1;13;6,33;3,6;61,9;17,1;355;403;172;67
1;Nature;ROBINSON1986;25;2;5;252;2525;2521;32% starch;Pelconc 32;Dairy_cow;1;13;6,33;3,3;60,8;18,7;309;428;172;67
1;Nature;Krause2002;56;1;1;561;5611;5611;high moisture corn fine silage;hmcfs;Dairy_cow;1;23,4;5,72;1,5;49,4;32,6;236;398;144;61
1;Nature;Krause2002;56;1;2;561;5612;5612;high moisture corn coarse silage;hmccs;Dairy_cow;1;24,1;5,98;1,8;52,5;29,1;236;398;144;61
1;Nature;Krause2002;56;1;3;561;5613;5611;dry corn fine silage;dcfs;Dairy_cow;1;24,7;5,9;2,1;54,9;26,2;236;327;144;61
1;Nature;Krause2002;56;1;4;561;5614;5612;dry corn coarse silage;dccs;Dairy_cow;1;25,3;6,07;2,4;57,2;24,2;236;327;144;61
1;Nature;BATAJOO1994;60;1;1;601;6011;6011;36% maïs grain;NFC42;Dairy_cow;1;27,6;6,15;3;60,9;20,2;297;276;224;53
1;Nature;BATAJOO1994;60;1;2;601;6012;6011;30% maïs grain;NFC36;Dairy_cow;1;27,2;6,15;3,1;61,4;19,5;330;269;225;52
1;Nature;BATAJOO1994;60;1;3;601;6013;6011;21% maïs grain;NFC30;Dairy_cow;1;26,7;6,2;3,1;61,7;19,6;383;251;225;52
1;Nature;BATAJOO1994;60;1;4;601;6014;6011;14% maïs grain;NFC24;Dairy_cow;1;25,8;6,23;3,2;62,6;19,3;440;233;224;53
1;Nature;Südekum1994;97;1;1;971;9711;9711;oats;O;Dairy_cow;1;15,7;6,38;;;;514;377;217;65
1;Nature;Südekum1994;97;1;2;971;9712;9711;rye;R;Dairy_cow;1;14,7;6,42;;;;469;406;242;61
1;Nature;Südekum1994;97;1;3;971;9713;9711;barley;B;Dairy_cow;1;15,3;6,36;;;;499;401;226;63
1;Nature;Voelker2003;153;1;1;1531;15311;15311;40 % silage - 0%beet pulp;0%BP;Dairy_cow;1;23,7;5,93;2,1;56,9;27;248;379;171;60
1;Nature;Voelker2003;153;1;2;1531;15312;15311;40 % silage - 6% beet pulp;6%BP;Dairy_cow;1;23,8;5,97;2,4;59,1;24,9;268;367;171;60
1;Nature;Voelker2003;153;1;3;1531;15313;15311;40 % silage - 12% beet pulp;12%BP;Dairy_cow;1;23,9;6,02;2,6;60,2;23;289;356;171;60
1;Nature;Voelker2003;153;1;4;1531;15314;15311;40 % silage - 24% beet pulp;24%BP;Dairy_cow;1;21,8;5,94;2,8;61,6;22,4;329;334;171;60
1;Nature;Krause2003A;158;1;2;1581;15812;15811;dry cracked shelled corn and coarse alfalfa/corn silage;DCCAC;Dairy_cow;1;23,5;5,78;2,3;58,8;25,7;231;326;142;61
1;Nature;Krause2003A;158;1;4;1581;15814;15812;dry cracked shelled dorn and fine alfalfa /corn silage;DCFAC;Dairy_cow;1;22;5,84;2,1;56,9;27,6;231;326;142;61
1;Nature;Krause2003A;158;1;5;1581;15815;15811;ground high moisture shelled corn and coarse alfalfa/corn silage;HMCCAC;Dairy_cow;1;21,9;5,73;2,3;58,7;25,8;231;402;142;61
1;Nature;Krause2003A;158;1;6;1581;15816;15812;ground high moisture shelled corn and fine alfalfa/corn silage;HMCFAC;Dairy_cow;1;20,2;5,61;2,1;56,7;27,4;231;402;142;61
1;Nature;Krause2003;165;1;1;1651;16511;16511;0% cornstarch in the diet;CS0;Dairy_cow;1;25,7;5,98;2,8;56,4;20,5;271;331;178;61
1;Nature;Krause2003;165;1;2;1651;16512;16511;6% cornstarch in the diet;cs6;Dairy_cow;1;26,8;5,97;2,6;54,9;21,4;270;346;180;61
1;Nature;Krause2003;165;1;3;1651;16513;16511;12 % cornstarch in the diet;cs12;Dairy_cow;1;26,1;6;1,9;54,7;28,8;269;362;181;60
1;Nature;Krause2003;165;1;4;1651;16514;16511;18 % cornstarch in the diet;cs18;Dairy_cow;1;25,5;5,93;2,1;53,4;25,4;268;380;181;60
1;Nature;Charbonneau2006;215;1;1;2151;21511;21511;45 % alfalfa silage - 47 % cracked corn;control;Dairy_cow;1;22,7;6,5;3,2;69,5;21,7;262;286;188;55
1;Nature;Charbonneau2006;215;1;2;2151;21512;21511;45 % alfalfa silage - 47 % ground corn;GC;Dairy_cow;1;24,3;6,41;2,7;66,9;24,4;262;294;188;55
1;Nature;Charbonneau2006;215;1;3;2151;21513;21511;45 % alfalfa silage - 35 % ground corn - 11 % wheat starch;GC+S;Dairy_cow;1;24,4;6,41;2,4;64,4;27,4;251;332;188;55
1;Nature;Charbonneau2006;215;1;4;2151;21514;21511;45 % alfalfa silage - 35 % ground corn - 11 % dried whey permeate;GC + W;Dairy_cow;1;25,7;6,51;3,2;67,3;21,3;251;329;188;55
1;Nature;Ipharraguerre2002;333;1;1;3331;33311;33311;0% suyhulls - 40 % ground shelled corn;0;Dairy_cow;1;22,1;6,11;3,1;63,7;20,4;237;288;174;54
1;Nature;Ipharraguerre2002;333;1;2;3331;33312;33311;10 % soyhulls - 30 % ground shelled corn;10;Dairy_cow;1;21,1;6;3,3;65;19,6;296;273;174;54
1;Nature;Ipharraguerre2002;333;1;3;3331;33313;33311;20 % soyhulls - 20% ground shelled corn;20;Dairy_cow;1;21,7;6,09;3,2;64,5;20,2;356;260;174;54
1;Nature;Ipharraguerre2002;333;1;4;3331;33314;33311;30 % soyhulls - 10 % ground shelled corn;30;Dairy_cow;1;22;5,96;3,3;65,5;19,6;415;247;174;54
1;Nature;Ipharraguerre2002;333;1;5;3331;33315;33311;40 % soyhulls - 0% ground shelled corn;40;Dairy_cow;1;20,9;6,09;3,4;66,2;19,3;474;232;174;54
1;Nature;Broderick2002;334;2;1;3342;33421;33421;60 % forage - 38 % high moisture ear corn;HMEC;Dairy_cow;1;21,2;6,1;3;62,7;20,8;269;267;220;40
1;Nature;Broderick2002;334;2;2;3342;33422;33421;60 % forage - 39 % cracked shelled corn;CSC;Dairy_cow;1;21,5;6,17;3,2;63,4;19,7;266;207;220;40
1;Nature;Broderick2002;334;2;3;3342;33423;33421;60 % forage - 20 % high moisture ear corn - 20 % citrus pulp;HCP;Dairy_cow;1;19,6;6,12;3,4;63,7;18,7;286;259;220;40
1;Nature;Broderick2002;334;2;4;3342;33424;33422;60 % forage - 27 % high moisture corn - 12 % expeller soybean meal;HMEC+ESBM;Dairy_cow;1;22,4;6,17;3,1;63,8;20,3;277;260;220;40
1;Nature;Broderick2002;334;2;5;3342;33425;33422;60 % forage - 27 % citrus pulp - 12 % expeller soybean meal;CSC + ESBM;Dairy_cow;1;23,2;6,24;3,3;63,9;19,4;274;217;220;40
1;Nature;Broderick2002;334;2;6;3342;33426;33422;60 % forage - 13 % high moisture ear corn - 13 % citrus pulp - 12 % expeller soy;HCP + ESBM;Dairy_cow;1;21,9;6,15;3,4;64,3;18,7;288;254;220;40
1;Nature;Khorasani2001A;338;1;1;3381;33811;33811;concentrate : barley;BBD;Dairy_cow;1;23,8;5,99;2,3;59,1;25,6;290;357;186;60
1;Nature;Khorasani2001A;338;1;2;3381;33812;33811;concentrate : barley + corn;BCBD;Dairy_cow;1;24,2;5,99;2,3;58,6;25;273;327;186;60
1;Nature;Khorasani2001A;338;1;3;3381;33813;33811;concentrate : Corn;CBD;Dairy_cow;1;25,6;5,96;2,2;57,4;25,8;256;297;186;60
1;Nature;YANG1997;349;1;1;3491;34911;34911;Concentratie = barley steam rolled;Barley;Dairy_cow;1;22,4;6,02;1,8;55,4;30,2;318;400;207;60
1;Nature;YANG1997;349;1;2;3491;34912;34911;concentrate = hull less barley;HB;Dairy_cow;1;22,6;6,04;2;57,8;29;271;431;208;60
1;Nature;YANG1997;349;1;3;3491;34913;34911;concentrate = corn;Corn;Dairy_cow;1;23;6,12;2;56,8;28,5;272;398;209;60
1;Nature;OVERTON1995;356;1;1;3561;35611;35611;concentrate = 100 % ground shelled corn;100:00:00;Dairy_cow;1;22,8;5,91;2,5;61,1;24,9;315;282;229;55
1;Nature;OVERTON1995;356;1;2;3561;35612;35611;concentrate = 75% ground shelled corn - 25 % steam rolled barley;75:25:00;Dairy_cow;1;22,1;5,82;2;58;29,6;321;306;229;55
1;Nature;OVERTON1995;356;1;3;3561;35613;35611;concentrate = 50 % ground shelled corn - 50 % steam rolled barley;50:50:00;Dairy_cow;1;21,3;5,85;1,9;57,1;30,5;327;329;229;55
1;Nature;OVERTON1995;356;1;4;3561;35614;35611;concentrate = 25 % ground shelled corn - 75 % steam rolled barley;25:75;Dairy_cow;1;19,5;5,82;1,7;56,1;32,2;333;353;229;55
1;Nature;OVERTON1995;356;1;5;3561;35615;35611;concentrate = 100 % steam rolled barley;0,069444444;Dairy_cow;1;19,6;5,79;1,8;56,1;31,7;339;377;229;55
1;Nature;Sievert1993A;370;1;1;3701;37011;37011;48 % alfalfa silage - 37 % shelled corn;42% NFC  -AO;Dairy_cow;1;24,4;6;3,2;64,1;20,1;317;268;237;52
1;Nature;Sievert1993A;370;1;2;3701;37012;37012;48 % forage - 37 % shelled corn + Aspergillus oryzae;42 % NFC +AO;Dairy_cow;1;25,3;5,99;3,2;64,4;20;317;268;237;52
1;Nature;Sievert1993A;370;1;3;3701;37013;37011;49 % forage - 22 % shelled corn - 12 % wheat middlings +AO;35 % NFC -AO;Dairy_cow;1;24;6,06;3,5;65,8;19;384;253;238;52
1;Nature;Sievert1993A;370;1;4;3701;37014;37012;49 % forage - 22 % shelled corn - 12 % wheat middlings + Aspergillus oryzae;35 %NFC +AO;Dairy_cow;1;24,1;6,15;3,4;65,2;19,4;384;253;238;52
1;Nature;Rotger2006;386;1;1;3861;38611;38611;12 % straw - 77 % barley - 9 % soybean meal;barley-soybean meal;Dairy_heifer;2;5,1;6,5;1,7;53,4;32,3;273;615;96;88
1;Nature;Rotger2006;386;1;2;3861;38612;38612;8 % straw - 76 % barley - 14 % sunflower meal;barley -sunflower meal;Dairy_heifer;2;4,8;6,5;1,4;51,5;37,2;291;618;64;92
1;Nature;Rotger2006;386;1;3;3861;38613;38611;13 % straw - 69 % corn - 16 % soybean meal;corn- soybean meal;Dairy_heifer;2;5,4;6,56;1,7;53,6;31,6;209;477;104;87
1;Nature;Rotger2006;386;1;4;3861;38614;38612;8 % straw - 66 % corn - 24 % sunflower meal;corn - sunflower meal;Dairy_heifer;2;6,7;6,59;1,9;55,5;29,1;253;475;64;92
1;Nature;ELLIOTT1995;394;2;1;3942;39421;39421;36% ground shelled corn - 0% fat;high NSC;Dairy_cow;1;23,5;6,08;2,7;61,9;23,1;317;299;242;56
1;Nature;ELLIOTT1995;394;2;2;3942;39422;39422;33,3 % ground shelled corn - 2,5% fat;high NSC plus fat;Dairy_cow;1;22,6;5,96;2,6;61,5;23,3;314;285;242;56
1;Nature;ELLIOTT1995;394;2;3;3942;39423;39421;18% ground shelled corn - 0% fat;low NSC;Dairy_cow;1;22,6;6,01;3;64,1;21,6;427;273;242;56
1;Nature;ELLIOTT1995;394;2;4;3942;39424;39422;16,7% ground shelled corn - 2,5% fat;low NSC plus fat;Dairy_cow;1;22,4;5,96;2,7;62,6;22,9;417;260;243;56
1;Nature;KHORASANI1994A;397;2;1;3972;39721;39721;corn plus solvent  extracted linseed meal;corn_SLM;Dairy_cow;1;17,6;6,35;2,7;61,9;23;384;210;327;40
1;Nature;KHORASANI1994A;397;2;2;3972;39722;39722;corn plus canola meal;Corn_CM;Dairy_cow;1;17,7;6,4;2,9;62,7;21,5;391;215;327;40
1;Nature;KHORASANI1994A;397;2;3;3972;39723;39721;barley plus solvent extracted linseed meal;Barley_SLM;Dairy_cow;1;17,6;6,37;2,8;62,4;22,2;410;258;327;40
1;Nature;KHORASANI1994A;397;2;4;3972;39724;39722;barley plus canola meal;Barley_CM;Dairy_cow;1;18;6,32;2,9;62,7;21,5;416;264;327;40
1;Nature;LYKOS1997;408;1;1;4081;40811;40811;concentrate : cracked corn;LDTNC;Dairy_cow;1;25,8;6,43;3,1;64,2;20,4;308;239;256;46
1;Nature;LYKOS1997;408;1;2;4081;40812;40811;concentrate : cracked corn + high moisture corn;MDTNC;Dairy_cow;1;25,9;6,3;2,8;62,4;22;309;257;258;45
1;Nature;LYKOS1997;408;1;3;4081;40813;40811;concentrate : high moisture corn;HDTNC;Dairy_cow;1;25,9;6,19;2,6;61;23,9;314;273;264;44
1;Nature;Widyobroto1992;411;2;1;4112;41121;41121;concentrate : wheat;AR;Dairy_cow;1;20,1;6,31;3,1;62,5;20,1;371;237;299;38
1;Nature;Widyobroto1992;411;2;2;4112;41122;41121;concentrate : corn;AL;Dairy_cow;1;20,4;6,37;3,3;64,7;19,4;375;172;299;38
1;Nature;Widyobroto1992;411;2;3;4112;41123;41121;concentrate : pulp and bran;PR;Dairy_cow;1;21,7;6,2;3,3;64,6;19,6;413;202;299;38
1;Nature;Widyobroto1992;411;2;4;4112;41124;41121;concentrate : soyhulls;PL;Dairy_cow;1;22,3;6,21;3,5;67;19;489;149;299;38
1;Nature;KHORASANI1994;451;1;1;4511;45111;45111;barley plus canola meal and soybean meal;RS_RP;Dairy_cow;1;21,2;6,35;2,9;62,7;21,3;341;401;224;60
1;Nature;KHORASANI1994;451;1;2;4511;45112;45112;barley plus fish meal, corn gluten meal, and meat bone meal;RS_SP;Dairy_cow;1;22,3;6,4;3,2;64,2;20,2;322;386;224;60
1;Nature;KHORASANI1994;451;1;3;4511;45113;45111;corn plus canola meal and soybean meal;SS_RP;Dairy_cow;1;22,7;6,37;2,7;61,9;22,7;307;336;224;60
1;Nature;KHORASANI1994;451;1;4;4511;45114;45112;corn plus fish meal, corn gluten meal, and meat and bone meal;SS_SP;Dairy_cow;1;22,1;6,32;3;63,2;21,2;283;309;224;60
1;Nature;SIEVERT1993;453;1;1;4531;45311;45311;42% non fiber carbohydrates, control;T42NFC_C;Dairy_cow;1;23,3;6;3,5;65,5;18,5;294;257;223;51
1;Nature;SIEVERT1993;453;1;2;4531;45312;45312;42% nonfiber carbohydrate Aspergillus oryzae fermentation extract;NFC42_CAO;Dairy_cow;1;23,5;5,99;3,7;66,3;17,9;294;257;223;51
1;Nature;SIEVERT1993;453;1;3;4531;45313;45311;36% nonfiber carbohydrate beet pulp control;NFC36_BPC;Dairy_cow;1;22,4;6,06;3,8;67;17,7;367;241;223;50
1;Nature;SIEVERT1993;453;1;4;4531;45314;45312;36% nonfiber carbohydrate beet pulp and Aspergillus oryzae fermentation extract;NFC36_BPAO;Dairy_cow;1;22,7;6,15;3,8;67,2;17,5;367;241;223;50
1;Nature;SIEVERT1993;453;1;5;4531;45315;45311;36% nonfiber carbohydrate soyhulls control;NFC36_SHC;Dairy_cow;1;22,9;6,21;3,8;67;17,7;361;234;223;50
1;Nature;SIEVERT1993;453;1;6;4531;45316;45312;36% nonfiber carbohydrate soy hulls and Aspergillus oryzae fermentation extract;NFC36_SHAO;Dairy_cow;1;23,4;6,28;3,8;67,8;17,9;361;234;223;50
1;Nature;Boudon1997;459;1;1;4591;45911;45911;foin haché + maïs;Maïs - H;Dairy_cow;1;19,5;6,46;2,7;59,4;22;342;241;277;45
1;Nature;Boudon1997;459;1;2;4591;45912;45912;Foin mélange 50:50 de deux formes de présentation;Maïs - HP;Dairy_cow;1;19,6;6,42;2,5;58,5;23,4;338;238;274;45
1;Nature;Boudon1997;459;1;3;4591;45913;45913;Foin en pellets - Maïs;Maïs-P;Dairy_cow;1;20,2;6,41;2,3;56,1;24,3;334;235;271;44
1;Nature;Boudon1997;459;1;4;4591;45914;45911;Foin haché - blé;Blé-H;Dairy_cow;1;17,5;6,46;2,6;57;21,8;338;329;277;45
1;Nature;Boudon1997;459;1;5;4591;45915;45912;Foin mélange 50:50 des deux formes de présentation;Blé - HP;Dairy_cow;1;16,9;6,49;2,3;53,8;23,8;334;326;274;45
1;Nature;Boudon1997;459;1;6;4591;45916;45913;Foin en pellets - Blé;Blé-P;Dairy_cow;1;16,5;6,45;2,2;52,3;23,3;330;323;271;44
1;Nature;DeVisser1992;469;1;1;4691;46911;46911;concentrate : barley;Barley;Dairy_cow;1;24;5,73;2,5;60,6;24,6;359;308;237;50
1;Nature;DeVisser1992;469;1;2;4691;46912;46911;Concentrate : maize;Maize;Dairy_cow;1;23,1;5,76;2,4;59,9;24,6;334;268;235;50
1;Nature;DeVisser1992;469;1;4;4691;46914;46911;concentrate : maize bran;maize bran;Dairy_cow;1;24,2;5,7;2,6;61,6;24;453;240;236;50
1;Nature;Dewhurst1999;473;1;1;4731;47311;47311;barley + fish/soya;BFS;Dairy_cow;1;16,9;6,49;3;62,2;20,7;369;172;323;26
1;Nature;Dewhurst1999;473;1;2;4731;47312;47311;unmolassed sugar beet pulp + fish/soya;UMFS;Dairy_cow;1;16,6;6,55;2,9;63,6;21,6;405;136;323;26
1;Nature;Dewhurst1999;473;1;3;4731;47313;47312;barley + rapeseed meal;BR;Dairy_cow;1;17;6,33;3;62,9;21,2;392;163;326;26
1;Nature;Dewhurst1999;473;1;4;4731;47314;47312;unmolassed sugar-beet pulp + rapeseed meal;UMR;Dairy_cow;1;17,6;6,57;3;63,8;21,4;420;134;326;26
1;Nature;Rustomo2006A;479;1;1;4791;47911;47911;concentrate with high acidogenic value;HAV;Dairy_cow;1;19,8;5,8;;;;330;258;255;43
1;Nature;Rustomo2006A;479;1;2;4791;47912;47911;concentrate with low acidogenic value;LAV;Dairy_cow;1;20,2;6;;;;391;205;255;43
1;Nature;Casper1999;489;1;1;4891;48911;48911;maïs + T soja;Corn_SBM;Dairy_cow;1;20,7;5,92;2,5;59,9;23,9;282;280;220;50
1;Nature;Casper1999;489;1;2;4891;48912;48912;maïs + T soja extrudé;corn_ESBM;Dairy_cow;1;21,8;5,92;2,4;59,9;25,4;282;278;220;50
1;Nature;Casper1999;489;1;3;4891;48913;48911;orge + T soja;barley_SBM;Dairy_cow;1;19,9;5,97;2,1;58,9;27,9;322;344;220;50
1;Nature;Casper1999;489;1;4;4891;48914;48912;orge + T soja extrudé;Barley_ESBM;Dairy_cow;1;20;6,05;2,6;61,3;23,5;322;342;220;50
1;Nature;Beckman2005;490;1;1;4901;49011;49011;ratio NDF:Starch = 0,74;NDF_Starch74;Dairy_cow;1;20,3;5,73;2;54,8;27,8;252;321;182;59
1;Nature;Beckman2005;490;1;2;4901;49012;49011;ratio NDF:Starch = 0,95;NDF_Starch95;Dairy_cow;1;21;5,84;2,4;57,3;24;288;314;182;59
1;Nature;Beckman2005;490;1;3;4901;49013;49011;ratio NDF:Starch = 1,27;NDF_Starch127;Dairy_cow;1;21,7;5,79;2,3;57,1;24,9;323;307;182;59
1;Nature;Hristov2003;497;1;1;4971;49711;49711;ruminally fermentable nonstructural carbohydrates;RFSS;Dairy_cow;1;24,2;6,01;2,9;59,8;20,5;280;414;187;61
1;Nature;Hristov2003;497;1;2;4971;49712;49711;ruminally fermentable fiber;RFNDF;Dairy_cow;1;21,5;6,02;2,9;60,6;20,8;364;314;166;64
1;Nature;Broderick2004;634;1;1;6341;63411;63411;0% molasse;M0;Dairy_cow;1;25,3;5,63;2,8;61,8;22,2;288;258;242;40
1;Nature;Broderick2004;634;1;2;6341;63412;63411;4% molasse;M4;Dairy_cow;1;25,7;5,8;3;63,2;21;283;263;242;40
1;Nature;Broderick2004;634;1;3;6341;63413;63411;8% molasse;M8;Dairy_cow;1;26,3;5,66;2,8;61,6;22;278;268;242;40
1;Nature;Broderick2004;634;1;4;6341;63414;63411;12% molasse;M12;Dairy_cow;1;26;5,82;3,2;63,8;20;274;272;243;40
1;Nature;Broderick2004;634;2;1;6342;63421;63421;0% liquid molasse;M0;Dairy_cow;1;25,4;6,07;2,7;61;22,4;269;330;209;48
1;Nature;Broderick2004;634;2;2;6342;63422;63421;3% liquid molasse;M3;Dairy_cow;1;28,1;5,9;2,5;59,7;24,1;266;335;209;48
1;Nature;Broderick2004;634;2;3;6342;63423;63421;6% liquid molasse;M6;Dairy_cow;1;26,1;6,02;2,6;59,5;23;262;338;209;48
1;Nature;Broderick2004;634;2;4;6342;63424;63421;9% liquid molasse;M9;Dairy_cow;1;26,8;6,06;3,1;62,6;20,2;259;342;209;48
1;Nature;Gozho2008;508;1;1;5081;50811;50811;30% orge;Barley;Dairy_cow;1;26,2;6,26;3,1;62,6;20,2;332;338;228;52
1;Nature;Gozho2008;508;1;2;5081;50812;50811;30% maïs grain;Corn;Dairy_cow;1;26;6,18;3,2;62,7;19,8;306;280;230;52
1;Nature;Gozho2008;508;1;4;5081;50814;50811;30% avoine;Oats;Dairy_cow;1;25,2;6,2;3;62,8;20,7;382;295;230;52
1;Nature;Gulmez2007;674;1;1;6741;67411;67411;26%corn-0%wheat;CBD;Dairy_cow;1;15,7;6,45;4,2;69,4;16,5;391;276;293;50
1;Nature;Gulmez2007;674;1;2;6741;67412;67411;16%corn-7%wheat;CWBD;Dairy_cow;1;15,5;6,04;3,8;67,1;17,5;402;292;293;50
1;Nature;Gulmez2007;674;1;3;6741;67413;67411;7%corn-16,5%wheat;WCBD;Dairy_cow;1;15,5;5,92;3,9;67,6;17,5;398;316;293;50
1;Nature;Gulmez2007;674;1;4;6741;67414;67411;0%corn-26%wheat;WBD;Dairy_cow;1;15,7;5,83;3,3;66,8;20,5;396;337;293;50
1;Nature;Silveira2007;515;1;1;5151;51511;51511;40% Dillon barley - 0% beet pulp;High_starch_Dillon;Dairy_cow;1;20,1;6,15;2,7;61,4;22,7;328;351;181;59
1;Nature;Silveira2007;515;1;2;5151;51512;51512;40% Xena barley - 0% beet pulp;High_starch_Xena;Dairy_cow;1;20,1;6,05;2,3;59;25,8;298;365;181;59
1;Nature;Silveira2007;515;1;3;5151;51513;51511;28% Dillon barley - 14% beet pulp;Low_starch_Dillon;Dairy_cow;1;19,9;6,19;2,9;62,5;21,4;351;332;181;59
1;Nature;Silveira2007;515;1;4;5151;51514;51512;28% Xena barley - 14% beet pulp;High_starch_Xena;Dairy_cow;1;20,2;6,15;2,7;61,1;22,9;331;341;181;60
1;Nature;Beauchemin1999;668;1;1;6681;66811;66811;44% Barley;Barley -ENZ;Dairy_cow;1;22,3;6,03;2,4;59,5;25,1;306;368;204;55
1;Nature;Beauchemin1999;668;1;2;6681;66812;66812;44% barley + fibrolytic enzyme;Barley +ENZ;Dairy_cow;1;22;6,12;2,5;60;24,3;306;368;204;55
1;Nature;Beauchemin1999;668;1;3;6681;66813;66811;44% hull less barley ;HB -ENZ;Dairy_cow;1;21,8;6,02;2,2;58,8;27,3;265;395;206;55
1;Nature;Beauchemin1999;668;1;4;6681;66814;66812;44% hull less barley + fibrolytic enzyme;HB +ENZ;Dairy_cow;1;22,5;6,05;2,1;57,9;27;265;395;206;55
2;Proportion;Gasa1991;10;1;1;101;1011;1011;early cut silage with 3kg of concentrate;EC-3;Dairy_cow;1;12,3;6,48;4,6;68,2;14,7;408;148;358;23
2;Proportion;Gasa1991;10;1;2;101;1012;1011;early cut silage with 9kg of concentrate;EC-9;Dairy_cow;1;15,6;6,35;2,7;58,6;21,6;326;377;198;58
2;Proportion;Gasa1991;10;1;3;101;1013;1012;late cut silage with 3 kg of concentrate;LC-3;Dairy_cow;1;12,5;6,53;3,8;65;16,9;487;148;437;23
2;Proportion;Gasa1991;10;1;4;101;1014;1012;late cut silage with 9 kg of concentrate;LC-9;Dairy_cow;1;16,4;6,29;3,6;61;17;382;356;259;55
2;Proportion;LLAMASLAMAS1991;17;1;1;171;1711;1711;56% alfalfa silage - 44% concentrate;LS;Dairy_cow;1;23;6,07;3;62,5;20,6;261;246;211;44
2;Proportion;LLAMASLAMAS1991;17;1;2;171;1712;1711;71% alfalfa silage - 34 % concentrate;MS;Dairy_cow;1;21,4;6,12;3,2;64;19,8;301;158;268;29
2;Proportion;LLAMASLAMAS1991;17;1;3;171;1713;1711;86 % alfalfa silage - 13 % concetnrate;HS;Dairy_cow;1;21,3;6,29;3,4;65,3;19,3;340;72;324;14
2;Proportion;Bourquin1994;45;1;1;451;4511;4511;60% hay - ground;60F-G;Steer;2;9,2;6,21;4,9;71,4;14,6;436;335;436;40
2;Proportion;Bourquin1994;45;1;2;451;4512;4512;60% hay - long;60F-L;Steer;2;9,3;6,25;5;72;14,5;434;335;434;40
2;Proportion;Bourquin1994;45;1;3;451;4513;4511;96% hay - ground;96F-G;Steer;2;9,5;6,29;4,5;72,3;16,1;697;29;697;4
2;Proportion;Bourquin1994;45;1;4;451;4514;4512;96% hay - long;96F-L;Steer;2;9,6;6,32;4,6;72,9;16;695;29;695;4
2;Proportion;GomezAlarcon1990;50;1;1;501;5011;5011;22 % forage;LC;Dairy_cow;1;10,9;6,1;2,6;62;23,6;221;495;105;78
2;Proportion;GomezAlarcon1990;50;1;2;501;5012;5012;22 % forage + Aspergillu oryzae;LAO;Dairy_cow;1;12,6;6,3;2,7;60,9;22,8;221;495;105;78
2;Proportion;GomezAlarcon1990;50;1;3;501;5013;5011;63 % forage;HC;Dairy_cow;1;11,5;6,7;3,1;66,8;21,4;343;245;300;37
2;Proportion;GomezAlarcon1990;50;1;4;501;5014;5012;63 % forage + Aspergillus oryzae;HAO;Dairy_cow;1;9,4;6,6;2,9;64,2;22,1;343;245;300;37
2;Proportion;MILLER1993;70;1;1;701;7011;7011;50% concentré - 50 % ensilage de sorgho;50:50:00;Dairy_cow;1;20;6,52;2,6;60,7;23,7;339;277;272;50
2;Proportion;MILLER1993;70;1;2;701;7012;7011;60% de concentré - 40% d'ensilage;60:40:00;Dairy_cow;1;19,8;6,55;2,5;58,6;23,9;296;331;218;60
2;Proportion;MILLER1993;70;1;3;701;7013;7011;70 % de concentré - 30 % d'ensilage;70:30:00;Dairy_cow;1;24,3;6,25;2,2;54,2;24,5;254;385;163;70
2;Proportion;KLUSMEYER1991;79;1;1;791;7911;7911;50% forage - no fat;LF;Dairy_cow;1;25,5;5,53;2;57,5;29,2;276;270;217;50
2;Proportion;KLUSMEYER1991;79;1;2;791;7912;7912;50% forage - 4% fat;LF - Ca-LCFA;Dairy_cow;1;24;5,69;2,2;58,7;27,3;273;253;217;50
2;Proportion;KLUSMEYER1991;79;1;3;791;7913;7911;67% forage - no fat;HF;Dairy_cow;1;24,7;5,81;2,7;62,7;23;330;177;291;33
2;Proportion;KLUSMEYER1991;79;1;4;791;7914;7912;67% forage - 4%fat;HF - Ca-LCFA;Dairy_cow;1;23,3;5,92;2,9;63,4;21,9;326;160;291;33
2;Proportion;Hannah1990;89;1;1;891;8911;8911;100 % forage;0;Steer;2;6,4;6,65;;;;516;0;516;0
2;Proportion;Hannah1990;89;1;2;891;8912;8911;80 % forage - 20%corn;20;Steer;2;7;6,55;;;;437;107;413;20
2;Proportion;Hannah1990;89;1;3;891;8913;8911;60 % forage - 40% corn;40;Steer;2;7;6,3;;;;358;214;310;40
2;Proportion;Hannah1990;89;1;4;891;8914;8911;40 % forage - 60% corn;60;Steer;2;6,9;6,08;;;;279;321;206;60
2;Proportion;Willcox1994;93;1;1;931;9311;9311;60% forage - 32 % sugary brawn corn 2;HFSU;Dairy_cow;1;26,6;6,41;;;;258;203;218;40
2;Proportion;Willcox1994;93;1;2;931;9312;9311;46 % forage - 42 % sugary brawn corn 2;LFSU;Dairy_cow;1;26,6;6,18;;;;225;294;165;54
2;Proportion;Willcox1994;93;1;3;931;9313;9312;60 % forage - 32 % dent corn;HFDT;Dairy_cow;1;26,9;6,32;;;;258;203;218;40
2;Proportion;Willcox1994;93;1;4;931;9314;9312;46 % forage - 42 % dent corn;LFDT;Dairy_cow;1;27,3;6,17;;;;225;293;165;54
2;Proportion;Ortigues1989;96;1;1;961;9611;9611;67% ammonia treated straw - 33 % barley;A;Steer;2;3,9;6,86;4,2;71,5;17,2;584;241;513;33
2;Proportion;Ortigues1989;96;1;2;961;9612;9612;66% ammonia treated straw - 23 % barley - 11 % fishmeal;B;Steer;2;3,9;6,91;4,2;71,8;17;555;203;506;34
2;Proportion;Ortigues1989;96;1;3;961;9613;9611;53 % ammonia treated straw - 47 % barley -;C;Steer;2;4,8;6,71;3,9;69,8;18,1;507;343;406;47
2;Proportion;Ortigues1989;96;1;4;961;9614;9612;52 % ammonia treated straw - 36 % barley - 12 % fishmeal;D;Steer;2;4,8;6,98;4,3;70,8;16,6;476;302;398;48
2;Proportion;Galloway1992;107;1;1;1071;10711;10711;100 % hay;control;Beef_cow;2;6,9;6,72;4;70,3;17,6;711;0;711;0
2;Proportion;Galloway1992;107;1;4;1071;10714;10711;83 % hay - 17 % corn;C;Beef_cow;2;7;6,64;3,8;68,9;17,9;608;96;587;17
2;Proportion;Jones1988;111;1;1;1111;11111;11111;bermudagrass without supplement;B;Beef_cow;2;5,8;6,14;;;;793;0;793;0
2;Proportion;Jones1988;111;1;2;1111;11112;11111;bermudagrass + 0,3 % BW ground corn;BC;Beef_cow;2;7,1;6,16;;;;681;92;661;17
2;Proportion;Jones1988;111;1;3;1111;11113;11112;orchardgrass without supplement;OG;Beef_cow;2;6;6,37;;;;824;0;824;0
2;Proportion;Jones1988;111;1;4;1111;11114;11112;orchardgrass + 0,3% BW ground corn;OGC;Beef_cow;2;7,2;6,25;;;;707;92;687;17
2;Proportion;McAllan1994;123;1;1;1231;12311;12311;early cut grass hay - 3 kg/j de concentré;EC-3;Dairy_cow;1;11,4;6,38;4,4;67,6;15,5;461;171;403;26
2;Proportion;McAllan1994;123;1;2;1231;12312;12311;early cut grass silage - 9 kg de concentré;EC-9;Dairy_cow;1;15,6;6,13;2,8;60,6;21,7;360;372;232;58
2;Proportion;McAllan1994;123;1;3;1231;12313;12312;late cut grass silage - 3 kg de concentré;LC-3;Dairy_cow;1;12,6;6,53;3,5;63,3;18,3;509;154;456;24
2;Proportion;McAllan1994;123;1;4;1231;12314;12312;late cut grass silage - 9 kg de concentré;LC-9;Dairy_cow;1;16,1;6,36;3,2;61,8;19,1;389;361;265;56
2;Proportion;Dixon1986;125;1;1;1251;12511;12511;0 % concentrate;without concentrate;Steer;2;5,7;6,63;;;;711;0;711;3
2;Proportion;Dixon1986;125;1;2;1251;12512;12511;42 % concentrate;with concentrate;Steer;2;9,3;6,17;;;;540;221;419;43
2;Proportion;Goetsch1982;133;1;1;1331;13311;13311;75 % concentrate;75% concentrate;Steer;2;7,5;6,13;3,1;62,8;20,3;215;417;74;80
2;Proportion;Goetsch1982;133;1;2;1331;13312;13311;25 % concentrate;25% concentrate;Steer;2;9,3;6,33;3,6;66,1;18,5;349;146;261;32
2;Proportion;Beauchemin1994;149;1;1;1491;14911;14911;70 % concentrate - 30 % alfalfa hay;AH32;Dairy_cow;1;22,3;5,72;;;;313;490;135;68
2;Proportion;Beauchemin1994;149;1;2;1491;14912;14912;82 % concentrate - 18 % orchardgrass;OG32;Dairy_cow;1;19,1;5,67;;;;307;567;99;80
2;Proportion;Beauchemin1994;149;1;3;1491;14913;14911;44 % concentrate - 56 % alfalfa hay;AH36;Dairy_cow;1;21,1;5,94;;;;364;310;251;43
2;Proportion;Beauchemin1994;149;1;4;1491;14914;14912;66 % concentrate - 34 % orchardgrass;OG36;Dairy_cow;1;21,5;5,72;;;;351;454;184;64
2;Proportion;Beauchemin1994;149;1;5;1491;14915;14911;20 % concentrate - 80 % alfalfa hay;AH40;Dairy_cow;1;20,5;6,12;;;;414;130;366;18
2;Proportion;Beauchemin1994;149;1;6;1491;14916;14912;50 % concentrate - 50 % orchardgrass;OG40;Dairy_cow;1;19,9;5,95;;;;396;341;269;49
2;Proportion;Beauchemin1994;149;2;1;1492;14921;14921;70 % concentrate - 30 % alfalfa hay;AH30;Dairy_cow;1;22,5;5,7;;;;306;490;127;70
2;Proportion;Beauchemin1994;149;2;2;1492;14922;14922;76 % concentrate - 24 % corn silage;CS30;Dairy_cow;1;21;5,71;;;;314;518;123;76
2;Proportion;Beauchemin1994;149;2;3;1492;14923;14921;44 % concentrate - 56 % alfalfa hay;AH36;Dairy_cow;1;22,5;5,83;;;;349;310;236;44
2;Proportion;Beauchemin1994;149;2;4;1492;14924;14922;55 % concentrate - 45 % corn silage;CS36;Dairy_cow;1;20,7;5,96;;;;365;362;229;55
2;Proportion;Beauchemin1994;149;2;5;1492;14925;14921;19 % concentrate - 81 % alfalfa hay;AH40;Dairy_cow;1;21,4;6,25;;;;393;130;345;19
2;Proportion;Beauchemin1994;149;2;6;1492;14926;14922;34 % concentrate - 66 % corn silage;CS40;Dairy_cow;1;18,9;5,97;;;;416;205;334;34
2;Proportion;BEAUCHEMIN1991;221;1;1;2211;22111;22111;37 % early cut hay -58,3% concentrate - 4,5 % supplement;NDF 31%  EARLY;Dairy_cow;1;22,3;5,63;3,5;67,8;19,5;312;420;144;63
2;Proportion;BEAUCHEMIN1991;221;1;2;2211;22112;22112;26,3 % midbloom hay - 65,1 % concentrate - 8,6 % supplement;NDF 31%  MID;Dairy_cow;1;22,5;5,57;2,8;64,8;23,2;321;491;125;74
2;Proportion;BEAUCHEMIN1991;221;1;3;2211;22113;22111;55,8 % early cut hay - 41,9 % concentrate - 2,3 % supplement;NDF 34%  EARLY;Dairy_cow;1;22,2;5,78;4;69,1;17,1;334;297;217;44
2;Proportion;BEAUCHEMIN1991;221;1;4;2211;22114;22112;39,3 % midbloom hay - 52,3 % concentrate - 8,4 % supplement;NDF 34%  MID;Dairy_cow;1;22,5;5,77;3,6;68,2;18,9;348;403;187;61
2;Proportion;BEAUCHEMIN1991;221;1;5;2211;22115;22111;74,4 % early cut hay - 25,6 % concentrate;NDF 37%  EARLY;Dairy_cow;1;21,4;6,08;4,8;71,9;14,9;357;173;289;26
2;Proportion;BEAUCHEMIN1991;221;1;6;2211;22116;22112;52,4 % midbloom hay - 39,5 % concentrate - 8,1 % supplement;NDF 37%  MID;Dairy_cow;1;22,6;5,92;4,4;70,2;16,1;375;315;249;48
2;Proportion;Soita2003;287;1;1;2871;28711;28711;long silage - 80% concentrate;L80;Steer;2;10,9;5,78;1,6;54;33,3;290;520;91;80
2;Proportion;Soita2003;287;1;2;2871;28712;28711;long silage - 50% concentrate;L50;Steer;2;11,4;6,03;2,8;64,1;23;354;321;229;50
2;Proportion;Soita2003;287;1;3;2871;28713;28712;short silage - 80% concentrate;S80;Steer;2;12,3;5,56;1,2;47,2;40,5;295;520;96;80
2;Proportion;Soita2003;287;1;4;2871;28714;28712;short silage - 50%concentrate;S50;Steer;2;12,6;6,05;2,5;63,5;25,8;364;321;239;50
2;Proportion;Maekawa2002;323;1;1;3231;32311;32311;40 % forage - 60 % concentrate (separate ingredient diet);40:60_CF;Dairy_cow;1;18,4;5,77;;;;287;378;181;57
2;Proportion;Maekawa2002;323;1;2;3231;32312;32312;40 % forage - 60 % concentrate (TMR);40:60_TMR;Dairy_cow;1;18;5,84;;;;280;398;168;60
2;Proportion;Maekawa2002;323;1;3;3231;32313;32311;50 % forage - 50 % concentrate (TMR);50:50:00;Dairy_cow;1;18,6;5,99;;;;301;325;211;50
2;Proportion;Maekawa2002;323;1;4;3231;32314;32312;60 % forage - 40 % concentrate (TMR);60:40:00;Dairy_cow;1;17,7;5,98;;;;324;234;253;40
2;Proportion;DADO1995;359;1;1;3591;35911;35911;45 % forage;LF;Dairy_cow;1;22,8;6,23;;;;247;294;179;55
2;Proportion;DADO1995;359;1;2;3591;35912;35912;45 % forage +  rumen inert bulk;LF_RIB;Dairy_cow;1;22,7;6,48;;;;247;294;179;55
2;Proportion;DADO1995;359;1;3;3591;35913;35911;81 % forage;HF;Dairy_cow;1;18,7;6,54;;;;343;99;319;19
2;Proportion;DADO1995;359;1;4;3591;35914;35912;81 % forage +  rumen inert bulk;HF_RIB;Dairy_cow;1;16,6;6,69;;;;343;99;319;19
2;Proportion;Petit1994;368;1;1;3681;36811;36811;silage alone;SIL;Steer;2;6,7;6,59;4,2;70,8;17;601;0;601;0
2;Proportion;Petit1994;368;1;2;3681;36812;36811;silage and 7% molasses;7M;Steer;2;7;6,52;4,2;71,2;17,1;556;64;556;8
2;Proportion;Petit1994;368;1;3;3681;36813;36811;silage and 15% molasses;15M;Steer;2;7,5;6,5;4;70,8;17,5;511;129;511;15
2;Proportion;Petit1994;368;1;4;3681;36814;36812;silage and 7% canola meal;7C;Steer;2;6,9;6,47;4,2;71,6;17;580;41;556;8
2;Proportion;Petit1994;368;1;5;3681;36815;36812;silage, 5,5% canola meal, 7,5% molasses;5C7M;Steer;2;7,1;6,5;4,3;71,5;16,8;540;95;523;13
2;Proportion;Petit1994;368;1;6;3681;36816;36812;silage, 3,6% canola meal, 15% molasses;3C15M;Steer;2;7,6;6,47;4;70,7;17,5;501;149;489;19
2;Proportion;CalderonCortes1996;373;2;1;3732;37321;37321;16% forage -  2,5 cm of coarseness;16% for - 2,5 cm;Beef_calf;2;6;5,84;1,2;46;37,4;188;582;106;84
2;Proportion;CalderonCortes1996;373;2;2;3732;37322;37322;16% forage - 7,6 cm of coarseness;16% for - 7,6 cm;Beef_calf;2;5,9;5,93;1,2;45,9;39,3;188;582;106;84
2;Proportion;CalderonCortes1996;373;2;3;3732;37323;37321;8% forage - 2,5 cm of coarseness;8%for - 2,5 cm;Beef_calf;2;6;5,61;1,2;43,3;36,3;145;642;53;92
2;Proportion;CalderonCortes1996;373;2;4;3732;37324;37322;8% forage - 7,6 cm of coarseness;8% for - 7,6 cm;Beef_calf;2;5,9;5,68;1,2;44,6;35,7;145;642;53;92
2;Proportion;Ahvenjarvi2002;380;1;1;3801;38011;38011;silage alone;S;Dairy_cow;1;13,8;6,71;3,6;66,4;18,3;492;0;492;2
2;Proportion;Ahvenjarvi2002;380;1;2;3801;38012;38011;silage + barley;SB;Dairy_cow;1;17,5;6,26;3,9;65,9;16,7;413;209;351;30
2;Proportion;Ahvenjarvi2002;380;1;3;3801;38013;38012;silage + rapeseed meal;SR;Dairy_cow;1;16,2;6,55;3,6;66,1;18,5;472;65;435;13
2;Proportion;Ahvenjarvi2002;380;1;4;3801;38014;38012;silage +  barley and rapeseed meal;SBR;Dairy_cow;1;18,1;6,13;3,7;64,4;17,4;392;270;297;41
2;Proportion;Koenig2003;383;1;1;3831;38311;38311;20% silage + barely (processing index of 86%);20% silage - PI86;Steer;2;8,6;5,94;2,7;58,7;21,4;320;571;106;80
2;Proportion;Koenig2003;383;1;2;3831;38312;38312;20% silage + barley (processing index of 61%);20% silage - PI 61;Steer;2;8,5;5,96;2,5;57,1;22,7;320;571;106;80
2;Proportion;Koenig2003;383;1;3;3831;38313;38311;5% silage + barley (processing index of 86 %);5% silage - PI86;Steer;2;9,4;5,69;1,8;51,5;28,8;283;683;26;95
2;Proportion;Koenig2003;383;1;4;3831;38314;38312;5% silage + barlay (processing index of 61 %);5% silage - PI86;Steer;2;8,3;5,74;1,5;51,9;34,4;283;683;26;95
2;Proportion;Elizalde1999;387;1;2;3871;38712;38712;ad libitum alfalfa;AALF;Steer;2;9,5;6,39;4;68,2;17,2;416;0;416;0
2;Proportion;Elizalde1999;387;1;3;3871;38713;38712;ad libitum alfalfa + cracked corn supplementation at 0,4 % BW;0,4%BW corn grain;Steer;2;9,6;6,29;3,8;67;17,8;376;75;360;14
2;Proportion;Elizalde1999;387;1;4;3871;38714;38712;ad libitum alfalfa + cracked corn supplementation at 0,8 % BW;0,8%BW corn grain;Steer;2;10,1;6,22;3,5;65,7;18,7;339;143;308;26
2;Proportion;Elizalde1999;387;1;5;3871;38715;38712;ad libitum alfalfa + cracked corn supplementation at 1,2 % BW;1,2%BW - corn grain;Steer;2;10,1;6,09;3;63;21,3;305;207;260;38
2;Proportion;Piperova2002;395;1;1;3951;39511;39511;60 % forage - 40 % concentrate - no buffer;HF_NB;Dairy_cow;1;20,6;6,13;3,1;64,2;20,5;342;216;286;40
2;Proportion;Piperova2002;395;1;2;3951;39512;39512;60 % forage - 40 % concentrate - buffer;HF_B;Dairy_cow;1;21,9;6,15;2,7;62,2;22,7;339;205;286;40
2;Proportion;Piperova2002;395;1;3;3951;39513;39511;25 % forage - 75 % concentrate - no buffer;LF_NB;Dairy_cow;1;23,7;5,83;2,2;58;26,5;209;408;119;75
2;Proportion;Piperova2002;395;1;4;3951;39514;39512;25 % forage - 75 % concentrate - buffer;LF_B;Dairy_cow;1;24,1;6,02;2,4;58,5;24,4;206;397;119;75
2;Proportion;VAGNONI1997;407;1;1;4071;40711;40711;alfalfa hay plus 24% of high moisture corn;AH plus 24% HMC;Dairy_cow;1;22,8;6,12;3,8;70,8;18,7;344;175;315;25
2;Proportion;VAGNONI1997;407;1;2;4071;40712;40712;alfalfa silage plus 24% high moisture corn;AS plus 24% HMC;Dairy_cow;1;21,9;6,14;3,1;67;21,9;318;175;290;25
2;Proportion;VAGNONI1997;407;1;3;4071;40713;40711;alfalfa hay plus 40% high moisture corn;AH plus 40% HMC;Dairy_cow;1;24,2;5,98;3;67,1;22,1;283;314;231;45
2;Proportion;VAGNONI1997;407;1;4;4071;40714;40712;alfalfa silage plus 40% high moisture corn;AS plus 40% HMC;Dairy_cow;1;23,5;6,04;2,9;65,7;22,3;264;314;212;45
2;Proportion;Widyobroto1992;411;1;1;4111;41111;41111;20 % concentrate - 80 % corn silage;B;Dairy_cow;1;20,9;6,48;3,7;66,1;17,8;391;95;343;21
2;Proportion;Widyobroto1992;411;1;2;4111;41112;41111;35 % concentrate - 65 % corn silage;M;Dairy_cow;1;21,9;6,43;3,1;64,3;20,8;381;177;285;34
2;Proportion;Widyobroto1992;411;1;3;4111;41113;41111;50% concentrate - 50 % corn silage;H;Dairy_cow;1;23,2;6,45;3;63,8;21,3;369;258;226;48
2;Proportion;VoelkerLinton2007;447;1;1;4471;44711;44711;45 % forage - 55 % concentrate;LF;Dairy_cow;1;27,8;5,86;;;;268;297;200;55
2;Proportion;VoelkerLinton2007;447;1;2;4471;44712;44711;62 % forage - 38 % concentrate;HF;Dairy_cow;1;24,7;6;;;;322;200;274;39
2;Proportion;Monteil1999;458;1;1;4581;45811;45811;10 % of wheat;B;Dairy_cow;1;21,6;6,26;2,6;57,1;21,8;364;152;330;25
2;Proportion;Monteil1999;458;1;2;4581;45812;45811;23 % of wheat;M;Dairy_cow;1;21,6;6,25;2,1;52,2;24,7;328;249;277;37
2;Proportion;Monteil1999;458;1;3;4581;45813;45811;36 % of wheat;H;Dairy_cow;1;20,8;6,17;1,8;51,7;28,4;292;346;224;49
2;Proportion;Apper-Bossard2003;460;4;1;4604;46041;46041;Bas concentré - bas BACA;BCO;Dairy_cow;1;19,4;6,2;2,7;57,8;21,8;357;91;325;21
2;Proportion;Apper-Bossard2003;460;4;2;4604;46042;46042;Bas concentré -  moyen BACA;BC150;Dairy_cow;1;20,4;6,46;2,8;59;21,4;359;91;327;21
2;Proportion;Apper-Bossard2003;460;4;3;4604;46043;46043;bas concentré - haut BACA;BC300;Dairy_cow;1;21,3;6,34;2,9;59,5;20,3;359;91;327;21
2;Proportion;Apper-Bossard2003;460;4;4;4604;46044;46041;haut concentré - bas BACA;HC0;Dairy_cow;1;20,6;6,02;2;55,6;27,8;320;229;258;38
2;Proportion;Apper-Bossard2003;460;4;5;4604;46045;46042;haut concentré - moyen BACA;HC150;Dairy_cow;1;21,5;6,07;2;54,6;27,8;322;229;259;38
2;Proportion;Apper-Bossard2003;460;4;6;4604;46046;46043;haut concentré - haut BACA;HC300;Dairy_cow;1;24,6;6,03;2,2;56,1;25,1;322;229;259;38
2;Proportion;HUBBELL1992;480;1;1;4801;48011;48011;bermudagrass without supplementation;B;Steer;2;5,8;6,56;;;;728;0;728;0
2;Proportion;HUBBELL1992;480;1;2;4801;48012;48011;bermudagrass + corn;C;Steer;2;5,8;6,5;;;;600;116;575;21
2;Proportion;Zebeli2008;491;1;1;4911;49111;49111;low concentrate - fine chopped hay;low-fine;Dairy_cow;1;16,6;6,57;3,9;68,8;17,6;514;145;477;21
2;Proportion;Zebeli2008;491;1;2;4911;49112;49112;low concentrate - long chopped hay;low-long;Dairy_cow;1;15,5;6,53;4;68,9;17,4;507;156;468;22
2;Proportion;Zebeli2008;491;1;3;4911;49113;49111;high concentrate-fine chopped hay;high-fine;Dairy_cow;1;15,6;6,49;3,4;64,1;18,9;375;395;269;55
2;Proportion;Zebeli2008;491;1;4;4911;49114;49112;high concentrate - long chopped hay;high-long;Dairy_cow;1;15,8;6,52;3,1;63,7;20,5;372;401;264;56
2;Proportion;Bal2000b;492;3;1;4923;49231;49231;61-67% forage diet + normal NDF corn silage;HF_39NDF;Dairy_cow;1;26,6;6,29;2,4;55,8;23,2;291;206;239;40
2;Proportion;Bal2000b;492;3;2;4923;49232;49232;61-67% forage diet + low NDF corn silage;HF_33NDF;Dairy_cow;1;25,7;6,33;2,7;57,4;21,6;279;172;234;34
2;Proportion;Bal2000b;492;3;3;4923;49233;49231;53% forage diet + normal NDF corn silage;NF_39NDF;Dairy_cow;1;27,7;6,23;2,4;55,4;23,4;272;247;211;47
2;Proportion;Bal2000b;492;3;4;4923;49234;49232;53% forage diet + low NDF corn silage;NF_33NDF;Dairy_cow;1;27,6;6,18;2;53;26;247;247;186;47
2;Proportion;ValadaresFilho2000;495;1;1;4951;49511;49511;20% concentrés;C20;Dairy_cow;1;22,1;6,51;3,5;64,4;18,2;403;126;363;20
2;Proportion;ValadaresFilho2000;495;1;2;4951;49512;49511;35% concentré;C35;Dairy_cow;1;25,2;6,29;3,3;62,7;19,1;364;218;298;35
2;Proportion;ValadaresFilho2000;495;1;3;4951;49513;49511;50% concentré;C50;Dairy_cow;1;26,4;6,08;2,6;58,5;22,5;325;314;229;50
2;Proportion;ValadaresFilho2000;495;1;4;4951;49514;49511;65% concentré;C65;Dairy_cow;1;25,6;6,08;1,8;52,7;28,6;285;410;161;65
2;Proportion;Yang2009;664;1;1;6641;66411;66411;35 % forage - 65 % concentrate - short silage;35:65 Short;Dairy_cow;1;25,4;5,99;2,5;59,2;23,6;274;334;157;65
2;Proportion;Yang2009;664;1;2;6641;66412;66412;35 % forage - 65 % concentrate - long silage;35:65 Long;Dairy_cow;1;24,7;6,26;2,4;58,7;24,9;278;334;162;65
2;Proportion;Yang2009;664;1;3;6641;66413;66411;60 % forage - 40 % short silage;60:40 Short;Dairy_cow;1;23,4;6,46;3,4;64;19;324;193;264;40
2;Proportion;Yang2009;664;1;4;6641;66414;66412;60 % forage - 40 % long silage;60:40 Long;Dairy_cow;1;22,4;6,56;3,5;65,1;18,6;332;193;272;40
2;Proportion;Kononoff2003;162;1;1;1621;16211;16211;57,4 % EM long;LGNH;Dairy_cow;1;25,7;6,24;2,8;60,1;21,7;304;247;227;43
2;Proportion;Kononoff2003;162;1;2;1621;16212;16211;45,8 % EM long + cottonseed hulls;LGH;Dairy_cow;1;27,6;6,17;2,8;64,8;22,9;316;314;181;54
2;Proportion;Kononoff2003;162;1;3;1621;16213;16212;57,4 % EM court;SHNH;Dairy_cow;1;26,1;6,24;3;60,8;20,2;304;247;227;43
2;Proportion;Kononoff2003;162;1;4;1621;16214;16212;45,8 % EM court + cottonseed hulls;SHH;Dairy_cow;1;28,3;6,16;2,8;63;22,6;316;314;181;54
2;Proportion;Pina2009;660;1;1;6601;66011;66011;31% maïs- 8,33% corn gluten meal;40%concentrate-highRUP;Dairy_heifer;2;4,2;6,4;;;;346;201;307;40
2;Proportion;Pina2009;660;1;2;6601;66012;66012;35% maïs-3% soybean meal;40%concentrate-lowRUP;Dairy_heifer;2;4,6;6,39;;;;353;212;307;40
2;Proportion;Pina2009;660;1;3;6601;66013;66011;10%maïs-9%corn gluten meal;20%concentrate-highRUP;Dairy_heifer;2;3,9;6,47;;;;423;86;409;20
2;Proportion;Pina2009;660;1;4;6601;66014;66012;11%maïs-6% soybean meal;20%concentrate-lowRUP;Dairy_heifer;2;4,3;6,55;;;;431;102;409;20
2;Proportion;Lechartier2007;999;1;1;9991;99911;99911;10%blé  _ moyenne 14 et 5,5 mm;10;Dairy_cow;1;21,7;6,46;3;60,8;20;338;127;310;23
2;Proportion;Lechartier2007;999;1;2;9991;99912;99911;23%blé - moyenne 14 et 5,5 mm;23;Dairy_cow;1;18,2;6,39;2,9;59;20,1;305;229;258;35
2;Proportion;Lechartier2007;999;1;3;9991;99913;99911;36%blé - moyenne 14 et 5,5 mm;36;Dairy_cow;1;18,6;6,08;2,2;55,2;25,3;272;333;207;48
3;Nature/proportion;Aldrich1993A;43;1;1;431;4311;4311;high rumen available NSC - high rumen available protein;High RANSC - high RAP;Dairy_cow;1;25,1;6,29;2,7;61,3;22,9;325;341;255;51
3;Nature/proportion;Aldrich1993A;43;1;2;431;4312;4312;high rumen available NSC - low rumen available protein;high RANSC - low RAP;Dairy_cow;1;24,9;6,4;3,2;63,8;20,2;325;305;280;47
3;Nature/proportion;Aldrich1993A;43;1;3;431;4313;4311;low rumen available NSC - high rumen available protein;low RANSC - high RAP;Dairy_cow;1;26,9;6,26;3,2;63,1;20;329;328;209;60
3;Nature/proportion;Aldrich1993A;43;1;4;431;4314;4312;low rumen available NSC - low rumen available protein;low RANSC - low RAP;Dairy_cow;1;25,1;6,37;3,6;65,4;18,2;328;291;236;55
3;Nature/proportion;Brake1989;47;1;1;471;4711;4711;bermudagrass;BG;Beef_cow;2;4,9;6,77;;;;786;0;786;0
3;Nature/proportion;Brake1989;47;1;2;471;4712;4711;bermudagarass-barley;BG:B;Beef_cow;2;10,3;6,62;;;;484;387;369;53
3;Nature/proportion;Brake1989;47;1;3;471;4713;4711;bermudagrass-corn;BG:C;Beef_cow;2;11,9;6,67;;;;453;276;393;50
3;Nature/proportion;Brake1989;47;1;4;471;4714;4712;orchardgrass;OG;Beef_cow;2;4,9;6,75;;;;791;0;791;0
3;Nature/proportion;Brake1989;47;1;5;471;4715;4712;orchadgrass-barley;OG:B;Beef_cow;2;10,3;6,57;;;;486;387;372;53
3;Nature/proportion;Brake1989;47;1;6;471;4716;4712;orchardgrass-corn;OG:C;Beef_cow;2;11,9;6,59;;;;456;276;396;50
3;Nature/proportion;CAMERON1991A;48;1;1;481;4811;4811;control;contrôle;Dairy_cow;1;23,1;5,94;3,2;65,2;20,6;298;226;251;45
3;Nature/proportion;CAMERON1991A;48;1;2;481;4812;4812;control + urea;urea;Dairy_cow;1;23;5,96;3;64;21,2;297;222;251;45
3;Nature/proportion;CAMERON1991A;48;1;3;481;4813;4811;control + starch;starch;Dairy_cow;1;21,6;5,9;3;63,1;20,9;239;327;195;58
3;Nature/proportion;CAMERON1991A;48;1;4;481;4814;4812;control + urea + starch;starch_urea;Dairy_cow;1;21;5,74;2,2;59,8;27;238;323;195;58
3;Nature/proportion;FENG1993;49;1;1;491;4911;4911;39% nonstructural carbohydrate - rapidly degraded fiber;39% NSC  LF;Dairy_cow;1;15,6;5,75;2;52,1;26,4;328;605;0;100
3;Nature/proportion;FENG1993;49;1;2;491;4912;4911;39% nonstructural carbohydrates - slowly degraded fiber;39% NSC  HF;Dairy_cow;1;16,5;5,88;3,1;65,8;21,3;336;544;60;84
3;Nature/proportion;FENG1993;49;1;3;491;4913;4911;29% nonstructural carbohydrates - rapidly degraded fiber;29% NSC  LF;Dairy_cow;1;16,4;5,73;2,4;59,4;25;345;412;109;72
3;Nature/proportion;FENG1993;49;1;4;491;4914;4911;29% nonstructural carbohydrates - slowly degraded fiber;29% NSC  HF;Dairy_cow;1;17,4;6,07;2,9;62,5;21,9;315;289;239;45
3;Nature/proportion;Galloway1993;52;1;1;521;5211;5211;bermudagrass sans supplément;control;Steer ;2;6;6,34;4,1;71,4;17,4;749;0;749;0
3;Nature/proportion;Galloway1993;52;1;2;521;5212;5211;bermudagrass + ground corn;ground corn;Steer;2;8,8;6,02;3,9;68,8;17,6;555;171;518;31
3;Nature/proportion;Galloway1993;52;1;3;521;5213;5211;whole corn + bermudagrass;whole corn;Steer;2;8,8;6,07;3,7;67,4;18,4;555;149;518;31
3;Nature/proportion;Galloway1993;52;1;4;521;5214;5211;bermudagrass + sorghum grain;sorghum grain;Steer;2;9,6;6,15;4;69,5;17,5;537;183;504;33
3;Nature/proportion;Galloway1993;52;1;5;521;5215;5211;bermudagrass + blé;wheat;Steer;2;8,4;5,98;3,9;67,5;17,2;562;243;518;31
3;Nature/proportion;Galloway1993A;53;2;1;532;5321;5321;Bermudagrass sans supplément;B-cont;;0;7,2;6,64;3,4;69,5;20,5;757;0;757;0
3;Nature/proportion;Galloway1993A;53;2;2;532;5322;5321;bermudagrass + corn;B-C;;0;7,4;6,55;3,6;68,8;19,1;628;112;603;20
3;Nature/proportion;Galloway1993A;53;2;3;532;5323;5321;bermudagrass + soybean hulls;H;;0;7,8;6,54;3,3;68,6;20,6;724;107;559;26
3;Nature/proportion;Galloway1993A;53;2;4;532;5324;5321;Bermudagrass + corn + soybean hulls;CH;;0;6,8;6,49;3,5;68,2;19,3;678;108;582;23
3;Nature/proportion;Galloway1993A;53;2;5;532;5325;5322;orchardgrass;O-cont;;0;7,2;6,56;3,5;69;19,7;617;0;617;0
3;Nature/proportion;Galloway1993A;53;2;6;532;5326;5322;orchardgrass + corn;O-C;;0;7,5;6,58;3,7;68,4;18,4;516;112;492;20
3;Nature/proportion;Galloway1993A;53;2;7;532;5327;5322;orchardgrass + soybean hulls;O-H;;0;7,8;6,62;3,9;70,1;18,1;621;107;455;26
3;Nature/proportion;Galloway1993A;53;2;8;532;5328;5322;orchardgrass + corn + soybean hulls;O-CH;;0;6,9;6,59;3,4;67,5;19,9;570;108;474;23
3;Nature/proportion;Sarwar1991;55;1;1;551;5511;5511;control - 85 % of NDF from forage;C85;Dairy_heifer;2;9,6;6,15;3,1;63,1;20,4;330;268;270;50
3;Nature/proportion;Sarwar1991;55;1;2;551;5512;5511;corn gluten feed - 45% of NDF from forage;CGF45;Dairy_heifer;2;9,5;5,97;2,8;60,6;21,4;306;401;143;73
3;Nature/proportion;Sarwar1991;55;1;3;551;5513;5511;corn gluten feed - 65% of NDF from forage;CGF 65;Dairy_heifer;2;9,7;6,16;3,5;65;18,5;318;334;207;61
3;Nature/proportion;Sarwar1991;55;1;4;551;5514;5511;Soybean hulls - 45 % of NDF from forage;SH45;Dairy_heifer;2;9,5;5,89;3,3;64,2;19,4;327;370;143;73
3;Nature/proportion;Sarwar1991;55;1;5;551;5515;5511;soybean hulls - 65 % of NDF from forage;SH65;Dairy_heifer;2;9,7;6,07;3,3;63,9;19,6;328;320;207;61
3;Nature/proportion;Grigsby1993;88;1;1;881;8811;8811;bromegrass hay without supplement;H;Steer;2;11,4;6,5;4;70,4;17,7;678;38;678;7
3;Nature/proportion;Grigsby1993;88;1;2;881;8812;8811;bromegrass hay + soybean hulls;SBH;Steer;2;11,4;6,3;4,1;70,2;17,3;686;183;416;43
3;Nature/proportion;Grigsby1993;88;1;3;881;8813;8811;bromegrass hay + soybean hulls (0,42%BW)+ ground corn (0,21 % BW);SBH/GC;Steer;2;11,4;6,3;4;69,2;17,3;611;201;416;43
3;Nature/proportion;Grigsby1993;88;1;4;881;8814;8811;bromegrass hay + sohbean hulls (0,21%BW) + ground corn (0,42 % BW);GC/SBH;Steer;2;11,4;6,2;3,9;67,5;17,3;536;219;416;43
3;Nature/proportion;Grigsby1993;88;1;5;881;8815;8811;bromegrass hay + ground corn;GC;Steer;2;11,4;6,2;4;67,1;16,9;462;236;417;43
3;Nature/proportion;Hall1990;117;1;1;1171;11711;11711;no supplement;C;Beef_cow;2;4,5;6,79;;;;735;0;735;0
3;Nature/proportion;Hall1990;117;1;2;1171;11712;11711;supplement maïs broyé;MZ;Beef_cow;2;6,7;6,7;;;;529;180;490;33
3;Nature/proportion;Hall1990;117;1;3;1171;11713;11712;supplement poured fat;PF;Beef_cow;2;4,7;6,88;;;;690;0;690;6
3;Nature/proportion;Hall1990;117;1;4;1171;11714;11712;supplement maize plus poured fat;MZ-PF;Beef_cow;2;6,9;6,77;;;;511;174;473;36
3;Nature/proportion;Forster1994;118;3;1;1183;11831;11831;contrôle;control;Beef_cow;2;8,3;6,69;;;;599;0;599;0
3;Nature/proportion;Forster1994;118;3;2;1183;11832;11831;full fat rice bran;FR;Beef_cow;2;8;6,54;;;;498;162;437;27
3;Nature/proportion;Forster1994;118;3;3;1183;11833;11831;corn;C;Beef_cow;2;7,9;6,66;;;;469;149;437;27
3;Nature/proportion;Forster1994;118;3;4;1183;11834;11831;wheat middlings;W;Beef_cow;2;8,2;6,63;;;;533;164;437;27
3;Nature/proportion;Forster1994;118;3;5;1183;11835;11831;low-defatted rice bran;L-DR;Beef_cow;2;8,1;6,67;;;;509;155;437;27
3;Nature/proportion;Forster1994;118;3;6;1183;11836;11831;high-deffated rice bran;H-DR;Beef_cow;2;8,5;6,62;;;;509;155;437;27
3;Nature/proportion;Cecava1990;129;1;1;1291;12911;12911;80 % forage - (effet proportion four, croisé avec 2 fréquences d'alim);HF;Steer;2;8,2;6,28;3,9;66,4;17,2;417;119;400;20
3;Nature/proportion;Cecava1990;129;1;2;1291;12912;12911;35% forage - (effet proportion four, Croisé avec 2 fréquences d'alim);LF;Steer;2;8,3;6,27;3,7;66,1;18;235;375;166;65
3;Nature/proportion;Oba2003;172;1;1;1721;17211;17211;43 % silage - 32 % high moisture corn;HS-HM;Dairy_cow;1;20,8;6,12;2,4;58,1;24,7;247;364;167;57
3;Nature/proportion;Oba2003;172;1;2;1721;17212;17211;43 % silage - 32 % dry ground corn;HS-DG;Dairy_cow;1;22,5;6,13;2,3;57,8;25,6;247;306;168;57
3;Nature/proportion;Oba2003;172;1;3;1721;17213;17211;66 % silage - 11 % high moisture corn;LS-HM;Dairy_cow;1;19,7;6,25;2,8;61,5;21,6;306;199;256;34
3;Nature/proportion;Oba2003;172;1;4;1721;17214;17211;66% silage - 11 % dry ground corn;LS-DG;Dairy_cow;1;19,6;6,32;2,9;62,4;21,2;307;179;257;34
3;Nature/proportion;Wickersham2004;183;2;1;1832;18321;18321;45 % forage - 32 % corn grain;control;Dairy_cow;1;16,4;6,22;3,4;66,1;19,5;254;270;166;55
3;Nature/proportion;Wickersham2004;183;2;2;1832;18322;18321;30 % forage - 27 % corn grain - 20 % wet corn gluten feed;WCGF;Dairy_cow;1;18;6,2;2,8;63,4;22,9;274;354;111;70
3;Nature/proportion;Wickersham2004;183;2;3;1832;18323;18321;30 % forage - 30 % corn grain - 20 % pellet containing 75 % raw soyhulls and 25 ;SHSL;Dairy_cow;1;17,2;6,22;2,8;64,1;22,6;296;333;111;70
3;Nature/proportion;Schwab2006;216;1;1;2161;21611;21611;35% forage - 30 % non-forage carbohydrate;35-30;Dairy_cow;1;21,3;6;3,1;63,9;20,6;471;295;169;65
3;Nature/proportion;Schwab2006;216;1;2;2161;21612;21611;35% forage - 40 % no forage carbohydrate;35-40;Dairy_cow;1;22,2;6;2,7;61,3;22,9;366;328;169;65
3;Nature/proportion;Schwab2006;216;1;3;2161;21613;21611;60 % forage - 30 % non forage carbohydrate;60-30;Dairy_cow;1;18,1;6,3;3,6;66,7;18,7;457;176;290;40
3;Nature/proportion;Schwab2006;216;1;4;2161;21614;21611;60% forage - 40% non forage carbohydrate;60-40;Dairy_cow;1;19,8;6,4;3,2;64,1;19,9;354;206;290;40
3;Nature/proportion;Allen2000;217;1;1;2171;21711;21711;40 % alfalfa silage - 46 % ground corn;LF;Dairy_cow;1;24,2;5,95;2,2;57,2;25,9;245;315;174;60
3;Nature/proportion;Allen2000;217;1;2;2171;21712;21711;66 % alfalfa silage - 34 % ground corn;HF;Dairy_cow;1;22,4;6,36;2,2;56;25,4;322;172;285;34
3;Nature/proportion;Allen2000;217;1;3;2171;21713;21711;40 % alfalfa silage - 29 % ground corn - 24 % corn gluten feed;WCGF;Dairy_cow;1;25,1;6;2,2;57;25,6;307;316;172;60
3;Nature/proportion;Allen2000;217;1;4;2171;21714;21711;20 % alfalfa silage - 19 % alfalfa hay - 27 % ground corn - 24 % corn gluten fee;WCGFH;Dairy_cow;1;26,1;6,14;2,2;56,9;25,7;311;323;175;61
3;Nature/proportion;Reynolds1993;320;1;1;3201;32011;32011;control : soybean meal + wheat straw;C;Steer;2;6,2;6,42;4;71,1;17,8;720;71;709;11
3;Nature/proportion;Reynolds1993;320;1;2;3201;32012;32011;control + barley without buffer;Barley_moins_BR;Steer;2;8,2;6,45;4,1;67,5;16,6;576;264;505;37
3;Nature/proportion;Reynolds1993;320;1;3;3201;32013;32012;control + barley + buffer;barley_plus_RB;Steer;2;9;6,47;4,5;69;15,4;565;264;495;38
3;Nature/proportion;Reynolds1993;320;1;4;3201;32014;32011;control + corn without buffer;corn_moins_RB;Steer;2;8,5;6,3;3,9;67,4;17,4;541;216;498;38
3;Nature/proportion;Reynolds1993;320;1;5;3201;32015;32012;control + corn + buffer;corn_plus_RB;Steer;2;9,1;6,45;3,7;66,6;17,9;531;216;488;39
3;Nature/proportion;Pereira2000;342;2;1;3422;34221;34221;32 % forage - 20 % NDF;NC;Dairy_cow;1;21,9;6,02;1,7;51;29,4;202;371;130;68
3;Nature/proportion;Pereira2000;342;2;2;3422;34222;34221;32,3 % forage - 28 % NDF;LFMN;Dairy_cow;1;24,1;6,07;1,9;53,1;27,9;272;352;130;68
3;Nature/proportion;Pereira2000;342;2;3;3422;34223;34221;32 % forage - 36 % NDF;LFHN;Dairy_cow;1;24,1;6,06;1,9;53,4;28,4;343;334;131;68
3;Nature/proportion;Pereira2000;342;2;4;3422;34224;34221;51 % forage - 25 % NDF;PC;Dairy_cow;1;23,8;6,19;2,5;58,2;23;253;248;207;49
3;Nature/proportion;Younker1998;346;1;1;3461;34611;34611;50 % forage diet;HFC;Dairy_cow;1;18,3;5,89;2,8;62,3;22,2;324;316;238;50
3;Nature/proportion;Younker1998;346;1;2;3461;34612;34611;36 % forage diet;LFC;Dairy_cow;1;19,6;5,69;2,1;57,4;27,6;284;417;170;64
3;Nature/proportion;Younker1998;346;1;3;3461;34613;34611;36% forage - replacement of forage by 14 % brewers grains;BGF;Dairy_cow;1;19,2;5,8;2,2;58,4;26;332;379;170;64
3;Nature/proportion;Younker1998;346;1;4;3461;34614;34611;50 % forage diet - replacement of concentrate by 12 % brewers grains;bgc;Dairy_cow;1;16,6;5,95;2,8;62,6;22,3;372;278;238;50
3;Nature/proportion;Younker1998;346;1;5;3461;34615;34611;36 % forage diet - replacement of forage and concentrate by 24 % brewers grains;BGB;Dairy_cow;1;17,9;5,89;2,7;61,4;23,1;379;337;170;64
3;Nature/proportion;Zhu1997;355;1;1;3551;35511;35511;21 % alfalfa haylage - 25 % corn silage - 31 % ground corn;control;Dairy_cow;1;20,7;6,1;3;66;22,1;283;286;216;54
3;Nature/proportion;Zhu1997;355;1;2;3551;35512;35511;14 % alfalfa haylage - 26 % corn silage - 20 % ground corn - 22 % wheat middling;WM;Dairy_cow;1;19;5,9;3;65,6;22,2;303;321;184;60
3;Nature/proportion;Zhu1997;355;1;3;3551;35513;35511;5 % alfalfa haylage - 35% corn silage - 15 % ground corn - 33 % corn gluten feed;CGF;Dairy_cow;1;20,3;6,1;3;66,3;22,2;332;311;179;60
3;Nature/proportion;Zhu1997;355;1;4;3551;35514;35511;21% alfalfa haylage - 21 % corn silage - 17 % dried distiillers grains - 12 % ho;c;Dairy_cow;1;20,3;6;2,9;64,6;22,6;331;331;188;60
3;Nature/proportion;PETIT1995;358;1;1;3581;35811;35811;silage alone;SIL;Dairy_cow;1;18,8;6,29;3,8;71,1;18,9;542;0;542;0
3;Nature/proportion;PETIT1995;358;1;2;3581;35812;35811;silage + soybean meal + corn;SBCO;Dairy_cow;1;20,8;6,21;4,1;71,8;17,4;457;112;434;20
3;Nature/proportion;PETIT1995;358;1;3;3581;35813;35811;silage + soybean meal + oat + barley;SBOB;Dairy_cow;1;20,3;6,28;3,8;70,6;18,6;485;146;423;22
3;Nature/proportion;PETIT1995;358;1;4;3581;35814;35811;silage + soybean meal + beet pulp;SBBP;Dairy_cow;1;20,4;6,15;4;71,2;17,8;513;122;423;22
3;Nature/proportion;SARWAR1992;362;1;1;3621;36211;36211;control;C;Dairy_cow;1;19,4;5,9;2,4;57;23,5;299;307;233;57
3;Nature/proportion;SARWAR1992;362;1;2;3621;36212;36211;70% NDF from forage;NDF70;Dairy_cow;1;19,8;5,94;2,4;57,1;23,8;296;336;198;63
3;Nature/proportion;SARWAR1992;362;1;3;3621;36213;36211;60% NDF from forage;NDF60;Dairy_cow;1;19,4;5,77;2,2;56,3;25,2;295;361;168;69
3;Nature/proportion;SARWAR1992;362;1;4;3621;36214;36211;35% nonstructural carbohydrates;NSC35;Dairy_cow;1;19,9;5,94;2,8;60,4;21,2;394;280;233;57
3;Nature/proportion;SARWAR1992;362;1;5;3621;36215;36211;25% nonstructural carbohydrates;NSC25;Dairy_cow;1;20,4;6,01;2,8;61,4;22,2;472;252;233;57
3;Nature/proportion;BEAUCHEMIN1991A;364;1;1;3641;36411;36411;35% forage - 65% control concentrate;LF_CC;Dairy_cow;1;20,6;5,53;1,5;51,1;35;272;437;148;65
3;Nature/proportion;BEAUCHEMIN1991A;364;1;2;3641;36412;36411;35%forage - 65% concentrate with suncured alfalfa;LF_SA;Dairy_cow;1;21,2;5,57;1,6;53,7;33,2;302;366;199;55
3;Nature/proportion;BEAUCHEMIN1991A;364;1;3;3641;36413;36411;35% forage - 65% concentrate with beet pulp;LF_BP;Dairy_cow;1;21;5,58;1,8;56,1;31,1;296;420;148;65
3;Nature/proportion;BEAUCHEMIN1991A;364;1;4;3641;36414;36411;35% forage-65%concentrate with oat hulls;LF_OH;Dairy_cow;1;21,1;5,76;1,9;56,3;30,4;300;426;148;65
3;Nature/proportion;BEAUCHEMIN1991A;364;1;5;3641;36415;36411;45%forage - 55% control concentrate;HF_CC;Dairy_cow;1;21,1;5,74;2,1;57;27,3;296;369;191;55
3;Nature/proportion;Patil1995;389;1;1;3891;38911;38911;prairie hay at 1,7 % BW;control;Beef_steer;2;9,9;6,71;3,9;71,7;18,6;672;60;663;10
3;Nature/proportion;Patil1995;389;1;2;3891;38912;38911;prairie hay at 1,4 % BW +  corn at 0,3 % BW;C;Beef_steer;2;9,8;6,72;3,8;69,4;18,3;572;150;543;26
3;Nature/proportion;Patil1995;389;1;3;3891;38913;38911;prairie hay at 1,4 % BW +  corn at 0,15 % BW +  wheat at 0,15 % BW;CW;Beef_steer;2;9,8;6,65;3,8;68,7;18,1;575;168;544;26
3;Nature/proportion;Stensig1998;416;1;1;4161;41611;41611;20% wheat starch;Starch20;Dairy_cow;1;15,5;6,31;2,7;60,1;22,3;282;264;262;38
3;Nature/proportion;Stensig1998;416;1;2;4161;41612;41611;30 % wheat starch;Starch30;Dairy_cow;1;15,9;6,2;2,1;55,9;26,6;237;355;220;48
3;Nature/proportion;Stensig1998;416;1;3;4161;41613;41611;20 % sucrose;sucrose20;Dairy_cow;1;15,3;6,43;2,5;57,4;22,9;282;281;262;38
3;Nature/proportion;Stensig1998;416;1;4;4161;41614;41611;30 % sucrose;sucrose30;Dairy_cow;1;16,9;6,19;2,2;53,9;24,5;237;382;220;48
3;Nature/proportion;CUNNINGHAM1993;437;1;1;4371;43711;43711;control;control;Dairy_cow;1;24,1;6,02;2,4;59,6;24,9;330;309;252;50
3;Nature/proportion;CUNNINGHAM1993;437;1;2;4371;43712;43711;Soybean hulls replaced 23% of forage;SHFLow;Dairy_cow;1;23,5;6,08;2,6;60,6;23,4;350;354;196;61
3;Nature/proportion;CUNNINGHAM1993;437;1;3;4371;43713;43711;Soybean hulls replaced 45% of forag;SHFhigh;Dairy_cow;1;22,3;5,87;2,3;60,2;26,5;371;398;142;72
3;Nature/proportion;CUNNINGHAM1993;437;1;4;4371;43714;43711;Soybean hulls replaced 27% of concentrate;SHClow;Dairy_cow;1;22,7;5,96;2,8;62,7;22,7;393;271;252;50
3;Nature/proportion;CUNNINGHAM1993;437;1;5;4371;43715;43711;Soybean hulls replaced 50% of concentrate;ShChigh;Dairy_cow;1;23,2;5,99;3,1;64,8;21,2;440;243;252;50
3;Nature/proportion;Farmer2001;463;2;1;4632;46321;46321;hay without supplement;no supp;Steer;2;4,5;6,74;5;77,1;15,5;764;0;764;0
3;Nature/proportion;Farmer2001;463;2;2;4632;46322;46321;hay + 100 % wheat bran;100 %WB;Steer;2;8,8;6,56;4,8;74,2;15,6;665;105;613;20
3;Nature/proportion;Farmer2001;463;2;3;4632;46323;46321;hay + 67 % wheat bran + 33 % second clear;67 %WB-33 %SC;Steer;2;9,7;6,62;4,7;74,1;15,7;663;102;625;18
3;Nature/proportion;Farmer2001;463;2;4;4632;46324;46321;hay + 33 % wheat bran + 67 % second clear;33 % WB - 67 % SC;Steer;2;9,5;6,54;5;74,6;14,9;648;112;620;19
3;Nature/proportion;Devisser1991;487;1;1;4871;48711;48711;concentrate : died beet pulp;DP;Dairy_cow;1;20;6,03;3,3;63,3;19,2;454;324;213;60
3;Nature/proportion;Devisser1991;487;1;2;4871;48712;48711;concentrate : pressed beet pulp;PP;Dairy_cow;1;20;6;3,3;63,3;19,3;460;328;213;60
3;Nature/proportion;Devisser1991;487;1;3;4871;48713;48711;replacement of concentrate by maize silage;M;Dairy_cow;1;20;6,11;3,1;61,6;19,6;461;199;326;37
3;Nature/proportion;Harvatine2002;496;1;1;4961;49611;49611;forage control with ground corn;FCG;Dairy_cow;1;17,8;6,28;3,9;67,7;17,5;291;254;215;47
3;Nature/proportion;Harvatine2002;496;1;2;4961;49612;49611;low cottonseed with ground corn;LG;Dairy_cow;1;19,8;6,13;3,6;66,4;18,7;290;287;181;55
3;Nature/proportion;Harvatine2002;496;1;3;4961;49613;49611;medium cottonseed with ground corn;MG;Dairy_cow;1;20,5;6,12;3,1;65;20,7;289;311;154;62
3;Nature/proportion;Harvatine2002;496;1;4;4961;49614;49611;high cottonseed with ground corn;HG;Dairy_cow;1;20,3;5,93;2,9;63,9;21,9;288;341;123;69
3;Nature/proportion;Harvatine2002;496;1;5;4961;49615;49611;low cottonseed with steam-flaked;LSF;Dairy_cow;1;19,2;6,07;3;63,8;21,6;290;344;181;55
3;Nature/proportion;Harvatine2002;496;1;6;4961;49616;49611;medium cottonseed with steam-flaked corn;MSF;Dairy_cow;1;18,8;6,02;2,7;61,9;23,3;289;373;154;62
3;Nature/proportion;Kendall2009;657;1;1;6571;65711;65711;52% fourrage - paille non traitée (faible dNDF);28%NDF-LD;Dairy_cow;1;22,8;6,5;3;56,6;18,8;288;215;245;42
3;Nature/proportion;Kendall2009;657;1;2;6571;65712;65712;52% fourrage - paille  traitée (dNDF élevée);28%NDF-HD;Dairy_cow;1;23,4;6,46;2,9;56,7;19,4;286;215;242;42
3;Nature/proportion;Kendall2009;657;1;3;6571;65713;65711;62% fourrage - paille  traitée (dNDF élevée);32%NDF-LD;Dairy_cow;1;21,7;6,54;3,1;57,4;18,4;333;192;294;38
3;Nature/proportion;Kendall2009;657;1;4;6571;65714;65712;62% fourrage - paille  traitée (dNDF élevée);32%NDF-HD;Dairy_cow;1;22,3;6,52;3,1;56,8;18,2;327;192;289;38
3;Nature/proportion;Biricik2007;673;1;1;6731;67311;67311;Control;Control;Dairy_cow;1;17,9;6,02;2,7;63,4;23,4;376;274;315;50
3;Nature/proportion;Biricik2007;673;1;2;6731;67312;67311;10%corn gluten feed;10%corn gluten feed;Dairy_cow;1;17,5;5,99;2,4;60,4;25,5;358;329;259;60
3;Nature/proportion;Biricik2007;673;1;3;6731;67313;67311;18%corn gluten feed;18%corn gluten feed;Dairy_cow;1;17;5,95;2,3;59,5;25,7;344;372;215;68
3;Nature/proportion;Biricik2007;673;1;4;6731;67314;67311;25%corn gluten feed;25%corn gluten feed;Dairy_cow;1;17,3;5,91;2,2;59,3;27,5;331;409;175;75
3;Nature/proportion;Owens2008;686;1;1;6861;68611;68611;Grass silage ;G;Steer;2;6;6,83;3,5;68,6;19,6;595;0;595;0
3;Nature/proportion;Owens2008;686;1;2;6861;68612;68611;Grass silage + 3 kg concentrate;GC;Steer;2;8;6,64;3,7;67,5;18,4;480;192;428;28
3;Nature/proportion;Owens2008;686;1;3;6861;68613;68611;Grass silage + sucrose;GS;Steer;2;6,3;6,72;3,5;68,2;19,4;541;90;541;9
3;Nature/proportion;Owens2008;686;1;4;6861;68614;68611;Grass silage + 3 kg concentrate + sucrose;GCS;Steer;2;7,9;6,65;3,7;67,4;18,4;439;262;386;35
3;Nature/proportion;Feng1995;735;1;1;7351;73511;73511;25 % corn;Corn;Steer;2;14,3;5,88;4,1;66,2;16,2;527;170;489;30
3;Nature/proportion;Feng1995;735;1;2;7351;73512;73511;25% russel barley;Russel_low;Steer;2;14,3;5,86;4,1;66,3;16;551;214;489;30
3;Nature/proportion;Feng1995;735;1;3;7351;73513;73511;30% Russel barley;Russel_high;Steer;2;14,9;6;4,2;66;15,9;524;254;451;35
